{
    "width": 1280, 
    "height": 720,  
    "intrinsic_matrix": [
        761.86296325, 
        0, 
	0,
	0,
	762.15295234,
	0,
        633.92937331,
        361.76249829,
        1
    ]
}
